"SiteName"	"Country"	"Period"	"PhaseCode"	"LabCode"	"C14Age"	"C14SD"	"Material"	"MaterialSpecies"	"tpq"	"taq"	"Longitude"	"Latitude"	"bib"	"bib_url"
"Lombard"	"France"	"EN"	"C5A"	"Ly-4156 (SacA-7413)"	6280	30	"fauna"	"Cervus elaphus"	-5060	-5371	6.824	43.685	"Garcia-Puchol et Salazar-Garcia 2017"	"https://doi.org/10.1007/978-3-319-52939-4"
"Baume d'Oullins"	"France"	"EN"	"C6A"	"AA-53296"	6191	63	"fauna"	"Capra hircus"	-4837	-5460	4.47	44.32	"Garcia-Puchol et Salazar-Garcia 2017"	"https://doi.org/10.1007/978-3-319-52939-4"
"Baume d'Oullins"	"France"	"EN"	"n/a"	"AA-53292"	6210	69	"fauna"	"Capra hircus"	-4836	-5470	4.47	44.32	"Garcia-Puchol et Salazar-Garcia 2017"	"https://doi.org/10.1007/978-3-319-52939-4"
"Baume d'Oullins"	"France"	"EN"	"C6B"	"AA-53291"	6233	64	"fauna"	"Capra hircus"	-4851	-5471	4.47	44.32	"Garcia-Puchol et Salazar-Garcia 2017"	"https://doi.org/10.1007/978-3-319-52939-4"
"Baume d'Oullins"	"France"	"EN"	"C6A"	"AA-53294"	6233	64	"fauna"	"Capra hircus"	-4851	-5471	4.47	44.32	"Garcia-Puchol et Salazar-Garcia 2017"	"https://doi.org/10.1007/978-3-319-52939-4"
"Baume d'Oullins"	"France"	"EN"	"Cc5"	"AA-53293"	6168	63	"fauna"	"Capra hircus"	-4799	-5367	4.47	44.32	"Garcia-Puchol et Salazar-Garcia 2017"	"https://doi.org/10.1007/978-3-319-52939-4"
"Lombard"	"France"	"EN"	"C5A"	"Ly-4157 (SacA-7414)"	6165	35	"fauna"	"Ovis aries"	-4937	-5303	6.824	43.685	"Garcia-Puchol et Salazar-Garcia 2017"	"https://doi.org/10.1007/978-3-319-52939-4"
"Baume de Montclus"	"France"	"EN"	"C4"	"Beta-253158"	6550	40	"fauna"	"n/a"	-5360	-5631	4.42	44.27	"Perrin et Defranould 2016"	"https://doi.org/10.1016/j.quaint.2015.09.046"
"Baume de Montclus"	"France"	"LM"	"C23"	"MC-730"	7950	100	"wood charcoal"	"Wood charcoal (unidentified)"	-6455	-7345	4.42	44.27	"Perrin et Defranould 2016"	"https://doi.org/10.1016/j.quaint.2015.09.046"
"Baume de Montclus"	"France"	"EN"	"C4"	"Ly-303"	6300	150	"wood charcoal"	"Wood charcoal (unidentified)"	-4624	-5712	4.42	44.27	"Perrin et Defranould 2016"	"https://doi.org/10.1016/j.quaint.2015.09.046"
"Baume de Montclus"	"France"	"LM"	"C14B"	"Beta-253164"	7320	50	"fauna"	"n/a"	-6006	-6403	4.42	44.27	"Perrin et Defranould 2016"	"https://doi.org/10.1016/j.quaint.2015.09.046"
"Baume de Montclus"	"France"	"LM"	"C5"	"MC-695"	6450	100	"wood charcoal"	"Wood charcoal (unidentified)"	-4999	-5713	4.42	44.27	"Perrin et Defranould 2016"	"https://doi.org/10.1016/j.quaint.2015.09.046"
"Baume de Montclus"	"France"	"LM"	"C13B"	"Beta-253163"	7190	50	"fauna"	"Capreolus"	-5886	-6239	4.42	44.27	"Perrin et Defranould 2016"	"https://doi.org/10.1016/j.quaint.2015.09.046"
"Baume de Montclus"	"France"	"LM"	"C13"	"MC-729"	7200	100	"wood charcoal"	"Wood charcoal (unidentified)"	-5723	-6432	4.42	44.27	"Perrin et Defranould 2016"	"https://doi.org/10.1016/j.quaint.2015.09.046"
"Baume de Montclus"	"France"	"LM"	"C10B"	"Beta-253161"	6990	40	"fauna"	"Sus scropha"	-5719	-6016	4.42	44.27	"Perrin et Defranould 2016"	"https://doi.org/10.1016/j.quaint.2015.09.046"
"Baume de Montclus"	"France"	"EN"	"C4"	"Ly-304"	6140	150	"fauna"	"Bone (unidentified)"	-4459	-5610	4.42	44.27	"Perrin et Defranould 2016"	"https://doi.org/10.1016/j.quaint.2015.09.046"
"Baume de Montclus"	"France"	"LM"	"C14"	"Ly-496"	7020	140	"wood charcoal"	"n/a"	-5483	-6398	4.42	44.27	"Perrin et Defranould 2016"	"https://doi.org/10.1016/j.quaint.2015.09.046"
"Baume de Montclus"	"France"	"LM"	"C8"	"Ly-494"	6230	150	"wood charcoal"	"n/a"	-4546	-5637	4.42	44.27	"Perrin et Defranould 2016"	"https://doi.org/10.1016/j.quaint.2015.09.046"
"Baume de Montclus"	"France"	"UM"	"C7-8-9"	"MC-728"	6880	100	"wood charcoal"	"Wood charcoal (unidentified)"	-5480	-6074	4.42	44.27	"Perrin et Defranould 2016"	"https://doi.org/10.1016/j.quaint.2015.09.046"
"Baume de Montclus"	"France"	"LM"	"C12A"	"Beta-253162"	7170	50	"fauna"	"n/a"	-5844	-6232	4.42	44.27	"Perrin et Defranould 2016"	"https://doi.org/10.1016/j.quaint.2015.09.046"
"Baume de Montclus"	"France"	"EN"	"C4"	"MC-694"	6170	150	"wood charcoal"	"Wood charcoal (unidentified)"	-4493	-5618	4.42	44.27	"Perrin et Defranould 2016"	"https://doi.org/10.1016/j.quaint.2015.09.046"
"Baume de Montclus"	"France"	"LM"	"C14"	"Ly-495"	6440	230	"wood charcoal"	"n/a"	-4501	-6056	4.42	44.27	"Perrin et Defranould 2016"	"https://doi.org/10.1016/j.quaint.2015.09.046"
"Abri Jean Cros"	"France"	"EN"	"US 2a-b-c, Q: VI-6"	"Gif-3575"	6600	130	"shell"	"Helix sp."	-5053	-5981	2.475	43.075	"Perrin et al. 2018"	"https://doi.org/10.1016/j.quaint.2017.05.027"
"Abri Jean Cros"	"France"	"EN"	"XI6-2a-40"	"Beta-398983"	5910	30	"fauna"	"Cervus elaphus"	-4618	-4940	2.475	43.075	"Perrin et al. 2018"	"https://doi.org/10.1016/j.quaint.2017.05.027"
"Abri Jean Cros"	"France"	"EN"	"VI4-2b-92"	"Beta-398981"	6070	30	"fauna"	"Caprinae sp."	-4802	-5209	2.475	43.075	"Perrin et al. 2018"	"https://doi.org/10.1016/j.quaint.2017.05.027"
"Abri Jean Cros"	"France"	"EN"	"US 2c"	"MC-786"	4450	100	"wood charcoal"	"Wood charcoal (unidentified)"	-2632	-3632	2.475	43.075	"Perrin et al. 2018"	"https://doi.org/10.1016/j.quaint.2017.05.027"
"Abri Jean Cros"	"France"	"EN"	"US 2a-b"	"MC-935"	4530	100	"organic"	"Organic sediment"	-2872	-3649	2.475	43.075	"Perrin et al. 2018"	"https://doi.org/10.1016/j.quaint.2017.05.027"
"Abri du Capitaine"	"France"	"EN"	"C18"	"Gif-1111"	6050	150	"wood charcoal"	"Wood charcoal (unidentified)"	-4360	-5486	6.15	43.76	"Perrin et al. 2018"	"https://doi.org/10.1016/j.quaint.2017.05.027"
"Abri Jean Cros"	"France"	"EN"	"US 2a-b"	"MC-785"	4600	100	"wood charcoal"	"Wood charcoal (unidentified)"	-2889	-3705	2.475	43.075	"Perrin et al. 2018"	"https://doi.org/10.1016/j.quaint.2017.05.027"
"A Revellata"	"Corse"	"EN"	"US  III"	"Ly-6085"	6280	75	"wood charcoal"	"Wood charcoal (unidentified)"	-4855	-5488	8.66902828216558	42.4509735107422	"Luglie 2018"	"https://doi.org/10.1016/j.quaint.2017.12.032"
"Renaghju"	"Corse"	"EN"	"US 66"	"Ly-8328"	6095	45	"wood charcoal"	"Wood charcoal (unidentified)"	-4790	-5287	8.95112472043439	41.5539660389688	"Luglie 2018"	"https://doi.org/10.1016/j.quaint.2017.12.032"
"Renaghju"	"Corse"	"EN"	"US 61"	"Ly-9519"	6769	41	"wood charcoal"	"Wood charcoal (unidentified)"	-5535	-5833	8.95112472043439	41.5539660389688	"Luglie 2018"	"https://doi.org/10.1016/j.quaint.2017.12.032"
"Longone"	"Corse"	"EN"	"US 4.a.2"	"LgQ-617"	6320	140	"wood charcoal"	"Wood charcoal (unidentified)"	-4711	-5708	9.16223487449845	41.4147751551063	"Luglie 2018"	"https://doi.org/10.1016/j.quaint.2017.12.032"
"Renaghju"	"Corse"	"EN"	"US 104"	"Ly-8327"	6525	60	"wood charcoal"	"Wood charcoal (unidentified)"	-5299	-5658	8.95112472043439	41.5539660389688	"Luglie 2018"	"https://doi.org/10.1016/j.quaint.2017.12.032"
"Balma de Labeurador"	"France"	"EN"	"C2bc"	"MC-2145"	6260	90	"wood charcoal"	"Wood charcoal (unidentified)"	-4799	-5523	2.6	43.33	"Chabal et Heinz 2020 "	"https://doi.org/10.1016/j.quaint.2020.10.080"
"Aigle (Grotte de l')"	"France"	"EN"	"C5"	"Beta-433201"	5950	30	"fauna"	"Caprini"	-4705	-4993	4.37	44.25	"Manen et al. 2018"	"https://doi.org/10.1017/RDC.2018.98"
"Aigle (Grotte de l')"	"France"	"EN"	"C5"	"Beta-433200"	6070	30	"fauna"	"Ovis aries (humerus)"	-4802	-5209	4.37	44.25	"Manen et al. 2018"	"https://doi.org/10.1017/RDC.2018.98"
"Aigle (Grotte de l')"	"France"	"EN"	"C5"	"MC-563"	6200	100	"wood charcoal"	"Wood charcoal (unidentified)"	-4716	-5485	4.37	44.25	"Manen et al. 2018"	"https://doi.org/10.1017/RDC.2018.98"
"Gazel"	"France"	"EN"	"Porche_F5"	"Beta-398936"	6060	30	"fauna"	"Ovis aries"	-4795	-5207	2.4	43.29	"Manen et al. 2018"	"https://doi.org/10.1017/RDC.2018.98"
"Aigle (Grotte de l')"	"France"	"EN"	"C5"	"Beta-433199"	6120	30	"fauna"	"Sus sp."	-4851	-5220	4.37	44.25	"Manen et al. 2018"	"https://doi.org/10.1017/RDC.2018.98"
"Correge-Leucate"	"France"	"EN"	"n/a"	"Beta-398932"	6230	30	"fauna"	"Cervus elaphus"	-5005	-5321	3.01	42.83	"Manen et al. 2018"	"https://doi.org/10.1017/RDC.2018.98"
"Correge-Leucate"	"France"	"EN"	"Point 1"	"Beta-398933"	6190	30	"fauna"	"Cervus elaphus"	-4988	-5306	3.01	42.83	"Manen et al. 2018"	"https://doi.org/10.1017/RDC.2018.98"
"Correge-Leucate"	"France"	"EN"	"Point 1"	"Beta-398927"	6280	30	"fauna"	"Ovis aries"	-5060	-5371	3.01	42.83	"Manen et al. 2018"	"https://doi.org/10.1017/RDC.2018.98"
"Aigle (Grotte de l')"	"France"	"EN"	"C5"	"Beta-433202"	6160	30	"fauna"	"Capreolus capreolus"	-4943	-5296	4.37	44.25	"Manen et al. 2018"	"https://doi.org/10.1017/RDC.2018.98"
"Aigle (Grotte de l')"	"France"	"EN"	"C5"	"MC-1251"	6050	120	"wood charcoal"	"Wood charcoal (unidentified)"	-4460	-5470	4.37	44.25	"Manen et al. 2018"	"https://doi.org/10.1017/RDC.2018.98"
"Baume d'Oullins"	"France"	"EN"	"C6"	"ETH-27975"	6360	60	"fauna"	"n/a"	-5050	-5528	4.47	44.32	"Manen et al. 2018"	"https://doi.org/10.1017/RDC.2018.98"
"Gazel"	"France"	"EN"	"Porche_F8"	"Beta-398934"	6090	30	"fauna"	"Ovis aries"	-4838	-5213	2.4	43.29	"Manen et al. 2018"	"https://doi.org/10.1017/RDC.2018.98"
"Camprafaud"	"France"	"EN"	"C19"	"Beta-433207"	6220	30	"fauna"	"Bos primigenius"	-5000	-5317	2.89	43.49	"Manen et al. 2018"	"https://doi.org/10.1017/RDC.2018.98"
"Correge-Leucate"	"France"	"EN"	"Point 2"	"Beta-398929"	6320	30	"fauna"	"Caprinae sp."	-5207	-5468	3.01	42.83	"Manen et al. 2018"	"https://doi.org/10.1017/RDC.2018.98"
"Camprafaud"	"France"	"EN"	"C19A"	"Beta-433208"	6280	30	"fauna"	"Bos taurus"	-5060	-5371	2.89	43.49	"Manen et al. 2018"	"https://doi.org/10.1017/RDC.2018.98"
"Aigle (Grotte de l')"	"France"	"EN"	"C5"	"Beta-433203"	6130	30	"fauna"	"Bos taurus (metatarsal)"	-4857	-5225	4.37	44.25	"Manen et al. 2018"	"https://doi.org/10.1017/RDC.2018.98"
"Gazel"	"France"	"EN"	"Eboulis_C3a"	"Beta-469931"	6140	30	"fauna"	"Ovis aries"	-4913	-5283	2.4	43.29	"Manen et al. 2018"	"https://doi.org/10.1017/RDC.2018.98"
"Correge-Leucate"	"France"	"EN"	"Point 1"	"Beta-398928"	6210	30	"fauna"	"Ovis aries"	-4997	-5314	3.01	42.83	"Manen et al. 2018"	"https://doi.org/10.1017/RDC.2018.98"
"Correge-Leucate"	"France"	"EN"	"Point 1"	"Beta-398930"	6270	30	"fauna"	"Ovis aries"	-5054	-5367	3.01	42.83	"Manen et al. 2018"	"https://doi.org/10.1017/RDC.2018.98"
"Gazel"	"France"	"EN"	"Eboulis_C3a"	"Beta-469930"	5910	30	"fauna"	"Ovis aries"	-4618	-4940	2.4	43.29	"Manen et al. 2018"	"https://doi.org/10.1017/RDC.2018.98"
"Pont de Roque-Haute"	"France"	"EN"	"n/a"	"Ly-245"	6745	70	"wood charcoal"	"Wood charcoal (unidentified)"	-5473	-5897	3.33	43.31	"Manen et al. 2018"	"https://doi.org/10.1017/RDC.2018.98"
"Pont de Roque-Haute"	"France"	"EN"	"F2"	"Ly-7607"	6850	65	"wood charcoal"	"Wood charcoal (unidentified)"	-5537	-5990	3.35	43.31	"Manen et al. 2018"	"https://doi.org/10.1017/RDC.2018.98"
"Gazel"	"France"	"EN"	"Porche_F7"	"Beta-398937"	5350	30	"fauna"	"Ovis aries"	-3997	-4336	2.4	43.29	"Manen et al. 2018"	"https://doi.org/10.1017/RDC.2018.98"
"Pont de Roque-Haute"	"France"	"EN"	"F1"	"Beta-398952"	6910	30	"cereal"	"Triticum dicoccum"	-5667	-5975	3.35	43.31	"Manen et al. 2018"	"https://doi.org/10.1017/RDC.2018.98"
"Camprafaud"	"France"	"EN"	"C18"	"Beta-433209"	6190	30	"fauna"	"Bos primigenius"	-4988	-5306	2.89	43.49	"Manen et al. 2018"	"https://doi.org/10.1017/RDC.2018.98"
"Correge-Leucate"	"France"	"EN"	"Point 2"	"Beta-398931"	6120	30	"fauna"	"Bos taurus"	-4851	-5220	3.01	42.83	"Manen et al. 2018"	"https://doi.org/10.1017/RDC.2018.98"
"Peiro Signado"	"France"	"EN"	"fosse 1"	"MC-1652"	6435	125	"wood charcoal"	"Wood charcoal (unidentified)"	-4850	-5736	3.33	43.31	"Manen et al. 2018"	"https://doi.org/10.1017/RDC.2018.98"
"Camprafaud"	"France"	"EN"	"C20"	"Beta-433204"	6260	30	"fauna"	"Ovis aries"	-5049	-5363	2.89	43.49	"Manen et al. 2018"	"https://doi.org/10.1017/RDC.2018.98"
"Camprafaud"	"France"	"EN"	"C20"	"Beta-433205"	6210	30	"fauna"	"Ovis aries"	-4997	-5314	2.89	43.49	"Manen et al. 2018"	"https://doi.org/10.1017/RDC.2018.98"
"Pont de Roque-Haute"	"France"	"EN"	"F1 base"	"Beta-398951"	6870	30	"cereal"	"Triticum dicoccum"	-5637	-5891	3.35	43.31	"Manen et al. 2018"	"https://doi.org/10.1017/RDC.2018.98"
"Camprafaud"	"France"	"EN"	"C19"	"Beta-433206"	6210	30	"fauna"	"Bos primigenius"	-4997	-5314	2.89	43.49	"Manen et al. 2018"	"https://doi.org/10.1017/RDC.2018.98"
"Combe Greze"	"France"	"LM"	"n/a"	"Gif-446"	6420	180	"wood charcoal"	"Wood charcoal (unidentified)"	-4689	-5970	3.17	44.17	"Delibrias et al. 1970"	"https://doi.org/10.1017/S0033822200008171"
"Mourre de la Barque"	"France"	"EN"	"C6"	"ETH-26417"	6305	55	"organic"	"Caramel"	-5000	-5479	5.63962	43.636852	"Willigen et al. 2009"	"https://doi.org/10.1017/S0033822200056137"
"Mourre de la Barque"	"France"	"EN"	"D4"	"ETH-27979"	6225	60	"fauna"	"Bos taurus (metapodium)"	-4854	-5467	5.63962	43.636852	"Willigen et al. 2009"	"https://doi.org/10.1017/S0033822200056137"
"Mourre de la Barque"	"France"	"EN"	"D4"	"ETH-27980"	6285	65	"fauna"	"Bos taurus"	-4943	-5481	5.63962	43.636852	"Willigen et al. 2009"	"https://doi.org/10.1017/S0033822200056137"
"Mourre de la Barque"	"France"	"EN"	"D4"	"ETH-27978"	6165	65	"fauna"	"Bos sp. (humerus) "	-4794	-5368	5.63962	43.636852	"Willigen et al. 2009"	"https://doi.org/10.1017/S0033822200056137"
"Mourre de la Barque"	"France"	"EN"	"D4"	"ETH-27981"	6065	65	"fauna"	"Bos taurus (tibia)"	-4706	-5303	5.63962	43.636852	"Willigen et al. 2009"	"https://doi.org/10.1017/S0033822200056137"
"La Grande Rivoire"	"France"	"EN"	"GR12.P17.d129.264.LGM/LN"	"Ly-11726 (SacA-39760)"	5925	35	"fauna"	"Cervus sp."	-4618	-4988	5.633	45.209	"Nicod et al. 2019"	"https://doi.org/10.1080/00934690.2019.1580077"
"La Grande Rivoire"	"France"	"LM"	"GR13.R19.d142.564.CX/LBC"	"Ly-11552 (SacA-39069)"	6490	35	"fauna"	"Cervus sp."	-5316	-5610	5.633	45.209	"Nicod et al. 2019"	"https://doi.org/10.1080/00934690.2019.1580077"
"La Grande Rivoire"	"France"	"EN"	"GR12.Q19.d131.403.LGC(M)"	"Ly-11554 (SacA-39071)"	6255	35	"fauna"	"Cervus sp."	-5026	-5367	5.633	45.209	"Nicod et al. 2019"	"https://doi.org/10.1080/00934690.2019.1580077"
"La Grande Rivoire"	"France"	"EN"	"GR13.R18b.d138.LBl(B)"	"Ly-11556 (SacA-39073)"	6150	35	"fauna"	"n/a"	-4860	-5298	5.633	45.209	"Nicod et al. 2019"	"https://doi.org/10.1080/00934690.2019.1580077"
"La Grande Rivoire"	"France"	"LM"	"GR08.T17.d30.614"	"Beta-255119"	7310	40	"wood charcoal"	"Wood charcoal (unidentified)"	-6017	-6376	5.633	45.209	"Nicod et al. 2019"	"https://doi.org/10.1080/00934690.2019.1580077"
"La Grande Rivoire"	"France"	"EN"	"GR13.Q18.d137.419.LGM/CX"	"Ly-11727 (SacA-39761)"	6240	40	"fauna"	"Cervus sp."	-4996	-5368	5.633	45.209	"Nicod et al. 2019"	"https://doi.org/10.1080/00934690.2019.1580077"
"La Grande Rivoire"	"France"	"LM"	"GR08.T17.d28.554.LGM(F)"	"Beta-282247"	6490	40	"fauna"	"n/a"	-5310	-5614	5.633	45.209	"Nicod et al. 2019"	"https://doi.org/10.1080/00934690.2019.1580077"
"La Grande Rivoire"	"France"	"LM"	"GR08.S17.d26.486.LSBMG"	"Beta-282246"	6510	40	"fauna"	"n/a"	-5316	-5620	5.633	45.209	"Nicod et al. 2019"	"https://doi.org/10.1080/00934690.2019.1580077"
"La Grande Rivoire"	"France"	"EN"	"GR13.P17.d140.349.CX/LSGM"	"Ly-11551 (SacA-39068)"	6415	40	"fauna"	"n/a"	-5220	-5517	5.633	45.209	"Nicod et al. 2019"	"https://doi.org/10.1080/00934690.2019.1580077"
"La Grande Rivoire"	"France"	"EN"	"GR12.Q18b.d131.LBl(B)"	"Ly-11553 (SacA-39070)"	5995	35	"fauna"	"n/a"	-4718	-5052	5.633	45.209	"Nicod et al. 2019"	"https://doi.org/10.1080/00934690.2019.1580077"
"La Grande Rivoire"	"France"	"LM"	"GR08.S16.d28.409.LSBM"	"Beta-255118"	6430	50	"fauna"	"Cervus sp."	-5216	-5603	5.633	45.209	"Nicod et al. 2019"	"https://doi.org/10.1080/00934690.2019.1580077"
"La Grande Rivoire"	"France"	"EN"	"GR12.P17.d127.192.LBC(R)"	"Ly-11557 (SacA-39059)"	6185	35	"fauna"	"Cervus sp."	-4946	-5309	5.633	45.209	"Nicod et al. 2019"	"https://doi.org/10.1080/00934690.2019.1580077"
"La Grande Rivoire"	"France"	"EN"	"GR12.R18.d134.213.LGC(B)"	"Ly-11555 (SacA-39072)"	6180	40	"fauna"	"Cervus sp."	-4936	-5314	5.633	45.209	"Nicod et al. 2019"	"https://doi.org/10.1080/00934690.2019.1580077"
"Les Breguieres"	"France"	"EN"	"n/a"	"LTL-18523A"	5920	35	"bone (human)"	"Homo sapiens"	-4615	-4984	7.00635	43.59501	"Rivollat et al."	"https://doi.org/10.1126/sciadv.aaz5344"
"Alfort"	"France"	"EN"	"n/a"	"Ly-386"	6000	60	"fauna"	"Bone (unidentified)"	-4616	-5214	5.35	45.6833	"Pinhasi et al."	"https://doi.org/10.1371/journal.pbio.0030410"
"Camprafaud"	"France"	"EN"	"C18"	"Beta-433211"	5910	30	"fauna"	"Bos primigenius"	-4618	-4940	2.89	43.49	"Rigaud et al. 2018"	"https://doi.org/10.1371/journal.pone.0196488"
"Mas de Vignoles X"	"France"	"EN"	"US 1005"	"Erl-9580"	6182	56	"wood charcoal"	"Wood charcoal (unidentified)"	-4843	-5363	4.336482	43.810304	"Mazzucco et al. 2020"	"https://doi.org/10.1371/journal.pone.0232455"
"Mas de Vignoles X"	"France"	"EN"	"US 1005"	"Erl-9579"	6048	56	"cereal"	"Hordeum vulgare (caryopsid)"	-4711	-5225	4.336482	43.810304	"Mazzucco et al. 2020"	"https://doi.org/10.1371/journal.pone.0232455"
"Font-des-Pigeons"	"France"	"EN"	"US 17"	"LTL-15948A"	6228	45	"wood charcoal"	"Pinus sp."	-4951	-5369	5.16	43.38	"Binder et al. 2017"	"https://doi.org/10.15184/aqy.2017.65"
"Font-des-Pigeons"	"France"	"LM"	"US 18B"	"LTL-15782A"	6539	45	"wood charcoal"	"Phillyrea sp. - Rhammus alaternus"	-5321	-5633	5.16	43.38	"Binder et al. 2017"	"https://doi.org/10.15184/aqy.2017.65"
"Font-des-Pigeons"	"France"	"EN"	"US 11"	"LTL-15781A"	5970	45	"wood charcoal"	"Pinus sp."	-4686	-5187	5.16	43.38	"Binder et al. 2017"	"https://doi.org/10.15184/aqy.2017.65"
"Font-des-Pigeons"	"France"	"EN"	"US 15N"	"LTL-15783A"	6207	45	"wood charcoal"	"Pinus sp."	-4941	-5357	5.16	43.38	"Binder et al. 2017"	"https://doi.org/10.15184/aqy.2017.65"
"Font-des-Pigeons"	"France"	"LM"	"US 18G3"	"LTL-15786A"	7357	50	"wood charcoal"	"Phillyrea sp. - Rhammus alaternus"	-6022	-6429	5.16	43.38	"Binder et al. 2017"	"https://doi.org/10.15184/aqy.2017.65"
"Font-des-Pigeons"	"France"	"LM"	"US 18G3"	"LTL-15785A"	6633	50	"wood charcoal"	"Arbutus unedo"	-5385	-5721	5.16	43.38	"Binder et al. 2017"	"https://doi.org/10.15184/aqy.2017.65"
"Font-des-Pigeons"	"France"	"LM"	"US 19B"	"LTL-15949A"	7573	60	"wood charcoal"	"Phillyrea sp. - Rhammus alaternus"	-6221	-6642	5.16	43.38	"Binder et al. 2017"	"https://doi.org/10.15184/aqy.2017.65"
"Font-des-Pigeons"	"France"	"LM"	"US 18G3"	"LTL-15419A"	7382	50	"cereal"	"Pistacia sp."	-6049	-6438	5.16	43.38	"Binder et al. 2017"	"https://doi.org/10.15184/aqy.2017.65"
"Font-des-Pigeons"	"France"	"LM"	"US 18G"	"Beta-267434"	6250	40	"cereal"	"Cerealia sp."	-4999	-5372	5.16	43.38	"Binder et al. 2017"	"https://doi.org/10.15184/aqy.2017.65"
"Font-des-Pigeons"	"France"	"LM"	"US 19B"	"LTL-15950A"	6400	45	"wood charcoal"	"Pinus sp"	-5214	-5519	5.16	43.38	"Binder et al. 2017"	"https://doi.org/10.15184/aqy.2017.65"
"Font-des-Pigeons"	"France"	"LM"	"US 18H"	"LTL-15416A"	7369	55	"cereal"	"Pistacia sp."	-6020	-6439	5.16	43.38	"Binder et al. 2017"	"https://doi.org/10.15184/aqy.2017.65"
"Font-des-Pigeons"	"France"	"EN"	"US 17"	"LTL-15951A"	6284	45	"wood charcoal"	"Pinus sp"	-5016	-5470	5.16	43.38	"Binder et al. 2017"	"https://doi.org/10.15184/aqy.2017.65"
"Font-des-Pigeons"	"France"	"EN"	"US 16"	"LTL-15784A"	5999	45	"wood charcoal"	"Pinus sp"	-4706	-5204	5.16	43.38	"Binder et al. 2017"	"https://doi.org/10.15184/aqy.2017.65"
"Font-des-Pigeons"	"France"	"EN"	"US 11"	"LTL-15780A"	5988	45	"wood charcoal"	"Pinus sp."	-4690	-5200	5.16	43.38	"Binder et al. 2017"	"https://doi.org/10.15184/aqy.2017.65"
"Pont de Roque-Haute"	"France"	"EN"	"F1"	"Ly-9878"	6820	35	"cereal"	"Triticum dicoccum"	-5619	-5844	3.35	43.31	"Martins et al. 2015"	"https://doi.org/10.1558/jmea.v28i1.27503"
"Le Baratin"	"France"	"EN"	"Hutte 1"	"Gif-1855"	6600	140	"wood charcoal"	"Wood charcoal (unidentified)"	-5018	-5989	4.852488	44.092609	"Courtin72"	"https://doi.org/10.2307/27916669"
"Gazel"	"France"	"EN"	"C4"	"Gif-2401"	6810	130	"wood charcoal"	"Wood charcoal (unidentified)"	-5319	-6094	2.4	43.29	"Delibrias et Evin 1980"	"https://doi.org/10.3406/bspf.1980.5271"
"Balme Rousse"	"France"	"LMEN"	"n/a"	"Ly-3043"	6020	150	"fauna"	"Bone (unidentified)"	-4350	-5480	5.39	45.08	"Delibrias et al. 1987"	"https://doi.org/10.3406/bspf.1987.9833"
"Casabianda"	"Corse"	"EN"	"Heath 1"	"MC-2243"	6670	150	"wood charcoal"	"Wood charcoal (unidentified)"	-5055	-6056	9.40806311236511	42.1045370204646	"Lanfranchi 1998"	"https://doi.org/10.3406/bspf.1998.10840"
"Fontbregoua"	"France"	"EN"	"C42"	"Ly-4376"	6170	100	"wood charcoal"	"n/a"	-4702	-5479	6.215	43.58	"Willigen 2004"	"https://doi.org/10.3406/bspf.2004.13028"
"La Tardive"	"France"	"EN"	"C2"	"Gif-7352"	5920	80	"wood charcoal"	"Wood charcoal (unidentified)"	-4458	-5211	4.22	44.4	"Willigen 2004"	"https://doi.org/10.3406/bspf.2004.13028"
"Longetraye"	"France"	"EN"	"C1"	"Ly-616"	6210	170	"wood charcoal"	"Wood charcoal (unidentified)"	-4461	-5665	4.08	44.87	"Philibert 1982"	"https://doi.org/10.3406/racf.1982.2326"
"Les Breguieres"	"France"	"EN"	"C5"	"LTL-8483A"	5971	45	"fauna"	"Bos taurus"	-4686	-5189	7.00635	43.59501	"Provost et al. 2017"	"https://doi.org/10.4000/galliap.620"
"Les Breguieres"	"France"	"EN"	"C5"	"LTL-8479A"	6032	45	"fauna"	"Ovis aries"	-4719	-5211	7.00635	43.59501	"Provost et al. 2017"	"https://doi.org/10.4000/galliap.620"
"Les Breguieres"	"France"	"EN"	"C8"	"LTL-13780A"	6101	45	"bone (human)"	"Homo sapiens"	-4793	-5292	7.00635	43.59501	"Provost et al. 2017"	"https://doi.org/10.4000/galliap.620"
"Les Breguieres"	"France"	"EN"	"C1"	"LTL-15033A"	5966	45	"wood charcoal"	"Wood charcoal (unidentified)"	-4684	-5054	7.00635	43.59501	"Provost et al. 2017"	"https://doi.org/10.4000/galliap.620"
"Les Breguieres"	"France"	"EN"	"C5"	"LTL-12316A"	5964	45	"bone (human)"	"Homo sapiens"	-4623	-5053	7.00635	43.59501	"Provost et al. 2017"	"https://doi.org/10.4000/galliap.620"
"Les Breguieres"	"France"	"EN"	"n/a"	"LTL-12315A"	5864	45	"bone (human)"	"Homo sapiens"	-4504	-4942	7.00635	43.59501	"Provost et al. 2017"	"https://doi.org/10.4000/galliap.620"
"Les Breguieres"	"France"	"EN"	"C8"	"LTL-13784A"	6151	45	"bone (human)"	"Homo sapiens"	-4845	-5309	7.00635	43.59501	"Provost et al. 2017"	"https://doi.org/10.4000/galliap.620"
"Les Breguieres"	"France"	"EN"	"C5"	"LTL-8482A"	6104	45	"bone (human)"	"Homo sapiens"	-4794	-5294	7.00635	43.59501	"Provost et al. 2017"	"https://doi.org/10.4000/galliap.620"
"Les Breguieres"	"France"	"EN"	"C2"	"LTL-8484A"	6144	45	"bone (human)"	"Homo sapiens"	-4842	-5307	7.00635	43.59501	"Provost et al. 2017"	"https://doi.org/10.4000/galliap.620"
"Les Breguieres"	"France"	"EN"	"C2"	"LTL-12317A"	5870	45	"bone (human)"	"Homo sapiens"	-4524	-4944	7.00635	43.59501	"Provost et al. 2017"	"https://doi.org/10.4000/galliap.620"
"Pendimoun"	"France"	"EN"	"US 19000"	"LTL-14104A"	6466	40	"plant seed"	"Corylus avellana"	-5303	-5606	7.497243	43.806724	"Binder et al. 2018"	"https://doi.org/10.4312/dp.44.4"
"Pendimoun"	"France"	"EN"	"US 19001"	"LTL-8007A"	6170	45	"plant seed"	"Quercus sp. charred seeds"	-4853	-5316	7.497243	43.806724	"Binder et al. 2018"	"https://doi.org/10.4312/dp.44.4"
"Pendimoun"	"France"	"EN"	"US 41678"	"LTL-8006A"	6649	45	"cereal"	"Triticum dicoccum charred seeds"	-5471	-5721	7.497243	43.806724	"Binder et al. 2018"	"https://doi.org/10.4312/dp.44.4"
"Pendimoun"	"France"	"EN"	"US 42370"	"LTL-8009A"	6241	45	"plant seed"	"Corylus avellana charred fruit"	-4986	-5457	7.497243	43.806724	"Binder et al. 2018"	"https://doi.org/10.4312/dp.44.4"
"Pendimoun"	"France"	"EN"	"US 5711"	"Ly-1713 (GrA-20195)"	6790	50	"wood charcoal"	"Pomoideae charcoal"	-5528	-5885	7.497243	43.806724	"Binder et al. 2018"	"https://doi.org/10.4312/dp.44.4"
"Pendimoun"	"France"	"EN"	"US 47799-sup"	"LTL-13788A"	6547	45	"plant seed"	"Bryonia sp. charred seeds"	-5323	-5636	7.497243	43.806724	"Binder et al. 2018"	"https://doi.org/10.4312/dp.44.4"
"Peiro Signado"	"France"	"EN"	"n/a"	"Ly-5689"	6925	45	"plant seed"	"Cereal sp."	-5643	-5993	3.33	43.31	"Binder et al. 2018"	"https://doi.org/10.4312/dp.44.4"
"Pendimoun"	"France"	"EN"	"US 47800"	"LTL-8003A"	6452	45	"plant seed"	"Quercus sp. charred seeds"	-5226	-5607	7.497243	43.806724	"Binder et al. 2018"	"https://doi.org/10.4312/dp.44.4"
"Pendimoun"	"France"	"EN"	"US 47800"	"LTL-8004A"	6507	45	"plant seed"	"Quercus sp. charred seeds"	-5309	-5623	7.497243	43.806724	"Binder et al. 2018"	"https://doi.org/10.4312/dp.44.4"
"Pendimoun"	"France"	"EN"	"US 29203"	"LTL-15942A"	6745	45	"wood charcoal"	"Maloideae charcoal"	-5490	-5799	7.497243	43.806724	"Binder et al. 2018"	"https://doi.org/10.4312/dp.44.4"
"Pendimoun"	"France"	"EN"	"US 18364"	"LTL-8011A"	6507	45	"plant seed"	"Quercus sp. charred seeds"	-5309	-5623	7.497243	43.806724	"Binder et al. 2018"	"https://doi.org/10.4312/dp.44.4"
"Peiro Signado"	"France"	"EN"	"n/a"	"Ly-5688"	6910	40	"plant seed"	"Cereal sp."	-5643	-5983	3.33	43.31	"Binder et al. 2018"	"https://doi.org/10.4312/dp.44.4"
"Pendimoun"	"France"	"EN"	"US 42370"	"LTL-8010A"	6328	45	"plant seed"	"Quercus sp. charred seeds"	-5057	-5477	7.497243	43.806724	"Binder et al. 2018"	"https://doi.org/10.4312/dp.44.4"
"Peiro Signado"	"France"	"EN"	"Structure 7"	"Ly-8399"	6770	55	"wood charcoal"	"Wood charcoal (unidentified)"	-5487	-5884	3.33	43.31	"Binder et al. 2018"	"https://doi.org/10.4312/dp.44.4"
"Peiro Signado"	"France"	"EN"	"Structure 1"	"Ly-8400"	6840	55	"wood charcoal"	"Wood charcoal (unidentified)"	-5558	-5979	3.33	43.31	"Binder et al. 2018"	"https://doi.org/10.4312/dp.44.4"
"Pendimoun"	"France"	"EN"	"US 41678"	"LTL-8005A"	6599	45	"cereal"	"Triticum dicoccum charred seeds"	-5375	-5666	7.497243	43.806724	"Binder et al. 2018"	"https://doi.org/10.4312/dp.44.4"
"Pendimoun"	"France"	"EN"	"US 28781-inf"	"LTL-15941A"	6803	45	"wood charcoal"	"Arbutus unedo"	-5557	-5882	7.497243	43.806724	"Binder et al. 2018"	"https://doi.org/10.4312/dp.44.4"
"Pendimoun"	"France"	"EN"	"US 18364"	"LTL-8012A"	6499	45	"plant seed"	"Quercus sp. charred seeds"	-5306	-5621	7.497243	43.806724	"Binder et al. 2018"	"https://doi.org/10.4312/dp.44.4"
"Pendimoun"	"France"	"EN"	"US 47799-inf"	"LTL-13787A"	6666	45	"plant seed"	"Bryonia sp. charred seeds"	-5474	-5727	7.497243	43.806724	"Binder et al. 2018"	"https://doi.org/10.4312/dp.44.4"
"La Resclauze"	"France"	"EN"	"C12A"	"MC-1227"	6450	100	"wood charcoal"	"Wood charcoal (unidentified)"	-4999	-5713	3.27	43.5147	"Binder et al. 2018"	"https://doi.org/10.4312/dp.44.4"
"Pendimoun"	"France"	"EN"	"US 47801"	"LTL-8002A"	6539	45	"plant seed"	"Quercus sp. charred seeds"	-5321	-5633	7.497243	43.806724	"Binder et al. 2018"	"https://doi.org/10.4312/dp.44.4"
"Pendimoun"	"France"	"EN"	"US 19001"	"LTL-8008A"	6337	45	"plant seed"	"Quercus sp. charred seeds"	-5063	-5479	7.497243	43.806724	"Binder et al. 2018"	"https://doi.org/10.4312/dp.44.4"
"Pendimoun"	"France"	"EN"	"US 47801"	"LTL-8001A"	6600	45	"plant seed"	"Triticum sp. charred seeds"	-5376	-5667	7.497243	43.806724	"Binder et al. 2018"	"https://doi.org/10.4312/dp.44.4"
"Pendimoun"	"France"	"EN"	"US 28781-sup"	"LTL-15940A"	6399	45	"cereal"	"Cerealia charred seeds"	-5214	-5518	7.497243	43.806724	"Binder et al. 2018"	"https://doi.org/10.4312/dp.44.4"
"Font-Juvenal"	"France"	"EN"	"C14"	"Beta-398970"	6180	30	"fauna"	"Caprinae sp."	-4959	-5303	2.34	43.3	"Martinez-Grau et al. 2020"	"https://doi.org/10.4312/dp.47.10"
"La Grande Rivoire"	"France"	"LM"	"GRIV.2.193.B2b"	"GrA-50236"	7030	40	"fauna"	"Ursus arctos"	-5732	-6055	5.633	45.209	"Martinez-Grau et al. 2020"	"https://doi.org/10.4312/dp.47.10"
"La Grande Rivoire"	"France"	"EN"	"GR09.Q17bd.d126.LBM/LGF"	"Ly-9370 (SacA-30348)"	6130	35	"wood charcoal"	"n/a"	-4849	-5288	5.633	45.209	"Martinez-Grau et al. 2020"	"https://doi.org/10.4312/dp.47.10"
"La Grande Rivoire"	"France"	"LM"	"GRIV87.6.55.B3"	"GrA-25066"	7435	45	"fauna"	"Cervus sp."	-6079	-6454	5.633	45.209	"Martinez-Grau et al. 2020"	"https://doi.org/10.4312/dp.47.10"
"Saint Mitre: Abri 3"	"France"	"EN"	"III couche Y10 coeur 3"	"MC-263"	6400	130	"wood charcoal"	"Wood charcoal (unidentified)"	-4804	-5728	5.66	43.88	"Martinez-Grau et al. 2020"	"https://doi.org/10.4312/dp.47.10"
"Saint Mitre: Abri 3"	"France"	"EN"	"III couche Z8-9"	"MC-264"	6700	130	"wood charcoal"	"Wood charcoal (unidentified)"	-5217	-6022	5.66	43.88	"Martinez-Grau et al. 2020"	"https://doi.org/10.4312/dp.47.10"
"Saint Mitre: Abri 3"	"France"	"EN"	"III couche Y11"	"MC-265"	6100	150	"wood charcoal"	"Wood charcoal (unidentified)"	-4449	-5538	5.66	43.88	"Martinez-Grau et al. 2020"	"https://doi.org/10.4312/dp.47.10"
"Font-Juvenal"	"France"	"EN"	"C13"	"Beta-398973"	6050	30	"fauna"	"Caprinae sp."	-4791	-5205	2.34	43.3	"Martinez-Grau et al. 2020"	"https://doi.org/10.4312/dp.47.10"
"Font-Juvenal"	"France"	"EN"	"C14"	"Beta-398971"	6250	30	"fauna"	"Bos taurus"	-5040	-5354	2.34	43.3	"Martinez-Grau et al. 2020"	"https://doi.org/10.4312/dp.47.10"
"Gazel"	"France"	"EN"	"SCS-C2a"	"Beta-398944"	5870	30	"fauna"	"Ovis aries"	-4552	-4895	2.4	43.29	"Martinez-Grau et al. 2020"	"https://doi.org/10.4312/dp.47.10"
"Gazel"	"France"	"EN"	"SCS-C2b"	"Beta-398945"	5930	30	"fauna"	"Ovis aries"	-4688	-4957	2.4	43.29	"Martinez-Grau et al. 2020"	"https://doi.org/10.4312/dp.47.10"
"Gazel"	"France"	"EN"	"SCN-C2a"	"Beta-398946"	6190	30	"fauna"	"Ovis aries"	-4988	-5306	2.4	43.29	"Martinez-Grau et al. 2020"	"https://doi.org/10.4312/dp.47.10"
"Font-Juvenal"	"France"	"EN"	"C16"	"Gif-7029"	6410	100	"n/a"	"n/a"	-4948	-5663	2.34	43.3	"Martinez-Grau et al. 2020"	"https://doi.org/10.4312/dp.47.10"
"Font-Juvenal"	"France"	"EN"	"C13"	"Gif-7026"	6080	70	"n/a"	"n/a"	-4706	-5313	2.34	43.3	"Martinez-Grau et al. 2020"	"https://doi.org/10.4312/dp.47.10"
"La Grande Rivoire"	"France"	"LM"	"GRIV89.26.140.B2b"	"Ly-5099"	6649	142	"wood charcoal"	"n/a"	-5058	-6016	5.633	45.209	"Martinez-Grau et al. 2020"	"https://doi.org/10.4312/dp.47.10"
"La Grande Rivoire"	"France"	"EN"	"GR08.R16ac+R17ac.d122.LN"	"Ly-7352 (SacA-20970)"	6090	35	"wood charcoal"	"n/a"	-4806	-5216	5.633	45.209	"Martinez-Grau et al. 2020"	"https://doi.org/10.4312/dp.47.10"
"La Grande Rivoire"	"France"	"EN"	"GR09.Q17c.d126.LBN"	"Ly-9369 (SacA-30347)"	6290	30	"wood charcoal"	"Pinus et Corylus"	-5066	-5460	5.633	45.209	"Martinez-Grau et al. 2020"	"https://doi.org/10.4312/dp.47.10"
"Gazel"	"France"	"EN"	"SCN-C2b"	"Beta-398947"	5780	30	"fauna"	"Ovis aries"	-4486	-4785	2.4	43.29	"Martinez-Grau et al. 2020"	"https://doi.org/10.4312/dp.47.10"
"Font-Juvenal"	"France"	"EN"	"C14"	"Beta-398972"	6310	30	"fauna"	"Bos cf primigenius"	-5078	-5466	2.34	43.3	"Martinez-Grau et al. 2020"	"https://doi.org/10.4312/dp.47.10"
"La Grande Rivoire"	"France"	"EN"	"GR09.Q19d.d124.LBl(G)"	"Ly-9371 (SacA-30349)"	6055	30	"wood charcoal"	"Pinus sp."	-4793	-5206	5.633	45.209	"Martinez-Grau et al. 2020"	"https://doi.org/10.4312/dp.47.10"
"Font-Juvenal"	"France"	"EN"	"C12b"	"Beta-398976"	6150	30	"fauna"	"Bos taurus"	-4937	-5291	2.34	43.3	"Martinez-Grau et al. 2020"	"https://doi.org/10.4312/dp.47.10"
"Font-Juvenal"	"France"	"EN"	"C13"	"Beta-398975"	6020	30	"fauna"	"Bos taurus"	-4747	-5188	2.34	43.3	"Martinez-Grau et al. 2020"	"https://doi.org/10.4312/dp.47.10"
"Font-Juvenal"	"France"	"EN"	"C12A"	"Gif-7024"	5835	120	"n/a"	"n/a"	-4268	-5220	2.34	43.3	"Martinez-Grau et al. 2020"	"https://doi.org/10.4312/dp.47.10"
"Font-Juvenal"	"France"	"EN"	"C13"	"Beta-398974"	6090	30	"fauna"	"Caprinae sp."	-4838	-5213	2.34	43.3	"Martinez-Grau et al. 2020"	"https://doi.org/10.4312/dp.47.10"
"Grotte d'Unang"	"France"	"LM"	"C11"	"_C11"	6030	170	"wood charcoal"	"Wood charcoal (unidentified)"	-4335	-5531	5.17	44.01	"Martinez-Grau et al. 2020"	"https://doi.org/10.4312/dp.47.10"
"Font-Juvenal"	"France"	"EN"	"C12A"	"Beta-398977"	5770	30	"fauna"	"Caprinae sp."	-4462	-4781	2.34	43.3	"Martinez-Grau et al. 2020"	"https://doi.org/10.4312/dp.47.10"
"Gazel"	"France"	"EN"	"n/a"	"Ly-2245"	6815	50	"wood charcoal"	"Wood charcoal (unidentified)"	-5554	-5898	2.4	43.29	"Manning et al. 2016"	"https://doi.org/10.5334/joad.40"
"Gazel"	"France"	"EN"	"n/a"	"Ly-1992"	6780	50	"wood charcoal"	"Wood charcoal (unidentified)"	-5519	-5877	2.4	43.29	"Manning et al. 2016"	"https://doi.org/10.5334/joad.40"
"Gazel"	"France"	"EN"	"GII-SCN-C2e base"	"Ly-11333"	5630	35	"wood charcoal"	"Wood charcoal (unidentified)"	-4340	-4665	2.4	43.29	"Manning et al. 2016"	"https://doi.org/10.5334/joad.40"
"Gazel"	"France"	"EN"	"GII-SCN-F2"	"Ly-11336"	5765	70	"wood charcoal"	"Wood charcoal (unidentified)"	-4347	-4932	2.4	43.29	"Manning et al. 2016"	"https://doi.org/10.5334/joad.40"
"Gazel"	"France"	"EN"	"n/a"	"Ly-11340"	6155	55	"wood charcoal"	"Wood charcoal (unidentified)"	-4809	-5321	2.4	43.29	"Manning et al. 2016"	"https://doi.org/10.5334/joad.40"
"Gazel"	"France"	"EN"	"n/a"	"GrN-6703"	6470	65	"wood charcoal"	"Wood charcoal (unidentified)"	-5214	-5631	2.4	43.29	"Manning et al. 2016"	"https://doi.org/10.5334/joad.40"
"Gazel"	"France"	"EN"	"GII-SCN-F1"	"Ly-11334"	5570	70	"wood charcoal"	"Wood charcoal (unidentified)"	-4070	-4708	2.4	43.29	"Manning et al. 2016"	"https://doi.org/10.5334/joad.40"
"Gazel"	"France"	"EN"	"GII-SCN-C2f"	"Ly-11335"	5785	35	"wood charcoal"	"Wood charcoal (unidentified)"	-4461	-4793	2.4	43.29	"Manning et al. 2016"	"https://doi.org/10.5334/joad.40"
"Gazel"	"France"	"EN"	"n/a"	"Ly-11338"	6300	45	"wood charcoal"	"Wood charcoal (unidentified)"	-5040	-5473	2.4	43.29	"Manning et al. 2016"	"https://doi.org/10.5334/joad.40"
"Gazel"	"France"	"EN"	"n/a"	"Ly-11339"	6175	40	"wood charcoal"	"Wood charcoal (unidentified)"	-4934	-5312	2.4	43.29	"Manning et al. 2016"	"https://doi.org/10.5334/joad.40"
"Gazel"	"France"	"EN"	"n/a"	"KN-1265"	5920	45	"wood charcoal"	"Wood charcoal (unidentified)"	-4554	-5003	2.4	43.29	"Manning et al. 2016"	"https://doi.org/10.5334/joad.40"
"Gazel"	"France"	"EN"	"n/a"	"Ly-2244"	6690	40	"wood charcoal"	"Wood charcoal (unidentified)"	-5480	-5731	2.4	43.29	"Manning et al. 2016"	"https://doi.org/10.5334/joad.40"
"Gazel"	"France"	"LM"	"n/a"	"Ly-1994"	7960	50	"wood charcoal"	"Wood charcoal (unidentified)"	-6610	-7079	2.4	43.29	"Manning et al. 2016"	"https://doi.org/10.5334/joad.40"
"Baume d'Oullins"	"France"	"EN"	"C6"	"ETH-27974"	6250	60	"fauna"	"Bos sp."	-4935	-5472	4.47	44.32	"Manning et al. 2016"	"https://doi.org/10.5334/joad.40"
"Gazel"	"France"	"EN"	"n/a"	"Ly-2243"	6415	40	"wood charcoal"	"Wood charcoal (unidentified)"	-5220	-5517	2.4	43.29	"Manning et al. 2016"	"https://doi.org/10.5334/joad.40"
"Gazel"	"France"	"EN"	"n/a"	"Ly-11337"	6205	45	"wood charcoal"	"Wood charcoal (unidentified)"	-4939	-5354	2.4	43.29	"Manning et al. 2016"	"https://doi.org/10.5334/joad.40"
"Gazel"	"France"	"EN"	"GIII-SCS-L2"	"Ly-2242"	6400	45	"wood charcoal"	"Wood charcoal (unidentified)"	-5214	-5519	2.4	43.29	"Manning et al. 2016"	"https://doi.org/10.5334/joad.40"
"Baume d'Oullins"	"France"	"EN"	"C6"	"ETH-27972"	6510	60	"fauna"	"Bos sp."	-5228	-5640	4.47	44.32	"Manning et al. 2016"	"https://doi.org/10.5334/joad.40"
"Gazel"	"France"	"LM"	"n/a"	"Ly-1993"	7730	60	"wood charcoal"	"Wood charcoal (unidentified)"	-6397	-6904	2.4	43.29	"Manning et al. 2016"	"https://doi.org/10.5334/joad.40"
"Gazel"	"France"	"EN"	"n/a"	"KN-1266"	6460	55	"wood charcoal"	"Wood charcoal (unidentified)"	-5219	-5618	2.4	43.29	"Manning et al. 2016"	"https://doi.org/10.5334/joad.40"
"Gazel"	"France"	"EN"	"GIII-SCN-C2d"	"Ly-11332"	5930	55	"wood charcoal"	"Wood charcoal (unidentified)"	-4545	-5053	2.4	43.29	"Manning et al. 2016"	"https://doi.org/10.5334/joad.40"
"Roucadour"	"France"	"LMEN"	"n/a"	"GSY-36A"	5940	140	"cereal"	"Cereals"	-4335	-5373	1.83	44.74	"Ammerman et Cavali-Sforza 1971"	"Ammerman71"
"Gazel"	"France"	"LM"	"Porche F6"	"GrN-6704"	7880	75	"wood charcoal"	"Wood charcoal (unidentified)"	-6457	-7080	2.4	43.29	"Barbazza et al. 1984"	"Barbaza84"
"Espeluche-Lalo"	"France"	"LM"	"St. 8"	"AA-32642"	7315	65	"wood charcoal"	"Wood charcoal (unidentified)"	-5983	-6431	4.82	44.52	"Beeching et al. 2000"	"Beeching00"
"Espeluche-Lalo"	"France"	"EN"	"St. 73"	"AA-32639"	6520	65	"wood charcoal"	"Wood charcoal (unidentified)"	-5225	-5663	4.82	44.52	"Beeching et al. 2000"	"Beeching00"
"Espeluche-Lalo"	"France"	"EN"	"St. 76"	"AA-32638"	6560	85	"wood charcoal"	"Wood charcoal (unidentified)"	-5218	-5737	4.82	44.52	"Beeching et al. 2000"	"Beeching00"
"Espeluche-Lalo"	"France"	"EN"	"St. 120"	"AA-32641"	6585	60	"wood charcoal"	"Wood charcoal (unidentified)"	-5320	-5716	4.82	44.52	"Beeching et al. 2000"	"Beeching00"
"Petites-Baties"	"France"	"EN"	"St 13837"	"Beta-103868"	6270	50	"wood charcoal"	"Quercus sp."	-4994	-5470	4.69	44.27	"Binder et al. 2002"	"Binder02"
"Petites-Baties"	"France"	"EN"	"St 3826"	"Beta-103867"	6230	50	"wood charcoal"	"Quercus sp."	-4942	-5460	4.69	44.27	"Binder et al. 2002"	"Binder02"
"Petites-Baties"	"France"	"EN"	"St 7192"	"Beta-103862"	6290	50	"wood charcoal"	"Quercus sp."	-5001	-5474	4.69	44.27	"Binder et al. 2002"	"Binder02"
"Pendimoun"	"France"	"MN"	"US 16657 "	"GrA-29402"	6155	45	"wood charcoal"	"Prunus sp."	-4846	-5310	7.497243	43.806724	"Binder et Senepart 2010"	"Binder10"
"Pendimoun"	"France"	"MN"	"US 14647"	"GrA-32944"	6275	40	"plant seed"	"Corylus avellana"	-5030	-5465	7.497243	43.806724	"Binder et Senepart 2010"	"Binder10"
"Fontbregoua"	"France"	"EN"	"St H3-B"	"GrA-38329"	6055	35	"bone (human)"	"Homo sapiens"	-4786	-5209	6.215	43.58	"Binder et Senepart 2010"	"Binder10"
"Pendimoun"	"France"	"MN"	"US 14549 "	"GrA-29401"	6160	45	"wood charcoal"	"Prunus sp."	-4848	-5312	7.497243	43.806724	"Binder et Senepart 2010"	"Binder10"
"Pendimoun"	"France"	"EN"	"US 2067"	"GrA-26895"	6605	40	"plant seed"	"Quercus sp. charred seeds"	-5389	-5662	7.497243	43.806724	"Binder et Senepart 2010"	"Binder10"
"Pendimoun"	"France"	"EN"	"Sector North"	"GrA-26897"	6500	40	"plant seed"	"Quercus sp. charred seeds"	-5313	-5617	7.497243	43.806724	"Binder et Senepart 2010"	"Binder10"
"Pendimoun"	"France"	"MN"	"US 21696"	"GrA-23532"	6130	60	"wood charcoal"	"Romarin sp."	-4786	-5318	7.497243	43.806724	"Binder et Senepart 2010"	"Binder10"
"Fontbregoua"	"France"	"EN"	"St H2-9-10"	"GrA-38336"	6390	40	"bone (human)"	"Homo sapiens"	-5215	-5486	6.215	43.58	"Binder et Senepart 2010"	"Binder10"
"Fontbregoua"	"France"	"EN"	"Sep-H3 mix"	"_Sep-H3 mix"	6082	35	"bone (human)"	"Homo sapiens"	-4799	-5215	6.215	43.58	"Binder et Senepart 2010"	"Binder10"
"Fontbregoua"	"France"	"EN"	"Sep-H1 mix"	"_Sep-H1 mix"	6086	33	"bone (human)"	"Homo sapiens"	-4808	-5214	6.215	43.58	"Binder et Senepart 2010"	"Binder10"
"Fontbregoua"	"France"	"EN"	"St H1-3"	"GrA-38522"	6115	35	"bone (human)"	"Homo sapiens"	-4843	-5225	6.215	43.58	"Binder et Senepart 2010"	"Binder10"
"Pendimoun"	"France"	"EN"	"UE 5770"	"Gif-A101334"	6790	90	"wood charcoal"	"Quercus SP."	-5470	-6005	7.497243	43.806724	"Binder et Senepart 2010"	"Binder10"
"Fontbregoua"	"France"	"EN"	"St H1-2"	"GrA-38335"	6065	30	"bone (human)"	"Homo sapiens"	-4799	-5208	6.215	43.58	"Binder et Senepart 2010"	"Binder10"
"Pendimoun"	"France"	"EN"	"US 5557"	"Gif-101340"	6450	90	"wood charcoal"	"Wood charcoal (unidentified)"	-5041	-5666	7.497243	43.806724	"Binder et Senepart 2010"	"Binder10"
"Pont de Roque-Haute"	"France"	"EN"	"F4"	"Ly-7222"	5240	370	"wood charcoal"	"Wood charcoal (unidentified)"	-2626	-5357	3.35	43.31	"Binder et Senepart 2010"	"Binder10"
"Fontbregoua"	"France"	"EN"	"St H3-C"	"GrA-38332"	6110	35	"bone (human)"	"Homo sapiens"	-4841	-5223	6.215	43.58	"Binder et Senepart 2010"	"Binder10"
"Pendimoun"	"France"	"EN"	"US 28889"	"GrA-29528"	6650	45	"cereal"	"Cerealia charred seeds"	-5472	-5721	7.497243	43.806724	"Binder et Senepart 2010"	"Binder10"
"Pendimoun"	"France"	"EN"	"US 28889"	"GrA-29403"	6725	45	"cereal"	"Cerealia charred seeds"	-5484	-5770	7.497243	43.806724	"Binder et Senepart 2010"	"Binder10"
"Pendimoun"	"France"	"EN"	"Sector South, Burial F1"	"GrA-26893"	6445	40	"bone (human)"	"Homo sapiens"	-5231	-5543	7.497243	43.806724	"Binder et Senepart 2010"	"Binder10"
"Pendimoun"	"France"	"MN"	"US 21696"	"GrA-23533"	6050	60	"wood charcoal"	"Romarin sp."	-4707	-5291	7.497243	43.806724	"Binder et Senepart 2010"	"Binder10"
"Pendimoun"	"France"	"EN"	"Sector North, Burial H2, US43000"	"GrA-32061"	6450	40	"bone (human)"	"Homo sapiens"	-5235	-5553	7.497243	43.806724	"Binder et Senepart 2010"	"Binder10"
"Pendimoun"	"France"	"EN"	"Sector North, Burial F2"	"GrA-26894"	6440	40	"bone (human)"	"Homo sapiens"	-5229	-5538	7.497243	43.806724	"Binder et Senepart 2010"	"Binder10"
"Baume de Montclus"	"France"	"EN"	"n/a"	"KN-1180"	6220	50	"wood charcoal"	"Wood charcoal (unidentified)"	-4938	-5372	4.42	44.27	"Binder 1987"	"Binder87"
"Baume de Montclus"	"France"	"EN"	"n/a"	"KN-1181"	6640	55	"wood charcoal"	"Wood charcoal (unidentified)"	-5379	-5729	4.42	44.27	"Binder 1987"	"Binder87"
"Fontbregoua"	"France"	"EN"	"C41"	"Ly-3748"	5880	130	"fauna"	"Bone (unidentified)"	-4275	-5310	6.215	43.58	"Binder 1995"	"Binder95"
"Fontbregoua"	"France"	"EN"	"C45"	"Gif-2989"	6180	120	"wood charcoal"	"Wood charcoal (unidentified)"	-4611	-5530	6.215	43.58	"Binder 1995"	"Binder95"
"Fontbregoua"	"France"	"EN"	"n/a"	"Ly-6490"	6280	85	"wood charcoal"	"n/a"	-4842	-5527	6.215	43.58	"Binder 1995"	"Binder95"
"Fontbregoua"	"France"	"EN"	"C46F"	"Ly-6491"	5910	135	"wood charcoal"	"Wood charcoal (unidentified)"	-4331	-5325	6.215	43.58	"Binder 1995"	"Binder95"
"Fontbregoua"	"France"	"EN"	"C43F"	"Ly-4373"	6120	100	"wood charcoal"	"Wood charcoal (unidentified)"	-4613	-5471	6.215	43.58	"Binder 1995"	"Binder95"
"Fontbregoua"	"France"	"EN"	"C41"	"Ly-4374"	6080	120	"wood charcoal"	"Wood charcoal (unidentified)"	-4495	-5474	6.215	43.58	"Binder 1995"	"Binder95"
"Fontbregoua"	"France"	"EN"	"C47"	"Gif-2990"	6700	100	"wood charcoal"	"Wood charcoal (unidentified)"	-5314	-5982	6.215	43.58	"Binder 1995"	"Binder95"
"Fontbregoua"	"France"	"EN"	"C45"	"Ly-6492"	6125	90	"wood charcoal"	"Wood charcoal (unidentified)"	-4689	-5466	6.215	43.58	"Binder 1995"	"Binder95"
"Pont de Roque-Haute"	"France"	"EN"	"F1 base"	"Beta-398950"	6920	30	"cereal"	"Triticum dicoccum"	-5674	-5977	3.35	43.31	"Bogdanovic 2017"	"Bodganovic17"
"Pont de Roque-Haute"	"France"	"EN"	"F1"	"Ly-9879 (SacA-32046)"	7010	60	"cereal"	"Triticum dicoccum"	-5668	-6074	3.35	43.31	"Bogdanovic 2017"	"Bodganovic17"
"Fontbregoua"	"France"	"EN"	"St H2-11"	"GrA-38334"	6240	35	"bone (human)"	"Homo sapiens"	-5002	-5361	6.215	43.58	"Le Bras et al  2010"	"Bras10"
"Abri du Buholoup"	"France"	"MN"	"n/a"	"Gif-5497"	5490	120	"wood charcoal"	"Wood charcoal (unidentified)"	-3810	-4788	1.18333	43.15	"Briois et Vaquer 2009"	"Briois09"
"Abri du Buholoup"	"France"	"EN"	"C2b"	"Ly-1089"	6131	54	"wood charcoal"	"Wood charcoal (unidentified)"	-4794	-5313	1.18333	43.15	"Briois et Vaquer 2009"	"Briois09"
"Abri du Buholoup"	"France"	"LM"	"C4"	"Ly-6814"	7645	81	"wood charcoal"	"Wood charcoal (unidentified)"	-6223	-6821	1.18333	43.15	"Briois et Vaquer 2009"	"Briois09"
"Abri du Buholoup"	"France"	"LM"	"C3"	"Ly-1090 (OxA) "	7952	62	"wood charcoal"	"Wood charcoal (unidentified)"	-6591	-7160	1.18333	43.15	"Briois et Vaquer 2009"	"Briois09"
"Cauna de Belesta"	"France"	"MN"	"n/a"	"Ly-5104"	5165	125	"wood charcoal"	"Wood charcoal (unidentified)"	-3522	-4448	2.62	42.72	"Claustre 1992"	"Claustre92"
"Cauna de Belesta"	"France"	"MN"	"n/a"	"Ly-3302"	5640	120	"wood charcoal"	"Wood charcoal (unidentified)"	-3994	-4977	2.62	42.72	"Claustre 1992"	"Claustre92"
"Baume de Bourbon"	"France"	"EN"	"C5"	"MC-794"	6080	100	"wood charcoal"	"Wood charcoal (unidentified)"	-4548	-5462	3.36	43.58	"Coste et al. 1976"	"Coste76"
"Baume de Bourbon"	"France"	"EN"	"C5"	"Ly-538"	6180	180	"wood charcoal"	"Wood charcoal (unidentified)"	-4401	-5664	3.36	43.58	"Coste et al. 1976"	"Coste76"
"Baume d'Oullins"	"France"	"EN"	"C6"	"MC-2034"	6630	110	"wood charcoal"	"Wood charcoal (unidentified)"	-5216	-5970	4.47	44.32	"Courtin 1976"	"Courtin76"
"Baume d'Oullins"	"France"	"EN"	"C6"	"ETH-27973"	6265	65	"fauna"	"Bone (unidentified)"	-4934	-5477	4.47	44.32	"Courtin 1976"	"Courtin76"
"Font-des-Pigeons"	"France"	"LM"	"cail. 8B"	"Ly-448"	7270	220	"wood charcoal"	"Wood charcoal (unidentified)"	-5484	-7032	5.16	43.38	"Courtin et al. 1985"	"Courtin85"
"Font-des-Pigeons"	"France"	"EN"	"C7-8"	"MC-2514"	6050	100	"wood charcoal"	"Wood charcoal (unidentified)"	-4536	-5367	5.16	43.38	"Courtin et al. 1985"	"Courtin85"
"Font-des-Pigeons"	"France"	"EN"	"F5"	"KN-1449"	6100	40	"wood charcoal"	"n/a"	-4801	-5226	5.16	43.38	"Courtin et al. 1985"	"Courtin85"
"Font-des-Pigeons"	"France"	"EN"	"C17"	"MC-2515"	6900	100	"wood charcoal"	"Wood charcoal (unidentified)"	-5484	-6088	5.16	43.38	"Courtin et al. 1985"	"Courtin85"
"Font-des-Pigeons"	"France"	"LM"	"foyer 7"	"Ly-624"	5780	240	"wood charcoal"	"Wood charcoal (unidentified)"	-3785	-5487	5.16	43.38	"Courtin et al. 1985"	"Courtin85"
"Font-des-Pigeons"	"France"	"LM"	"cail. 8C"	"Ly-438"	7830	170	"wood charcoal"	"Wood charcoal (unidentified)"	-6087	-7493	5.16	43.38	"Courtin et al. 1985"	"Courtin85"
"Font-des-Pigeons"	"France"	"EN"	"cail. 5"	"MC-531T"	6760	100	"shell"	"Shell"	-5365	-6007	5.16	43.38	"Courtin et al. 1985"	"Courtin85"
"Font-des-Pigeons"	"France"	"EN"	"C6"	"Ly-446"	6430	140	"wood charcoal"	"Wood charcoal (unidentified)"	-4802	-5780	5.16	43.38	"Courtin et al. 1985"	"Courtin85"
"Font-des-Pigeons"	"France"	"LM"	"cail. 7"	"Ly-447"	6420	120	"wood charcoal"	"Wood charcoal (unidentified)"	-4850	-5725	5.16	43.38	"Courtin et al. 1985"	"Courtin85"
"Font-des-Pigeons"	"France"	"EN"	"F5"	"KN-1182"	7160	50	"wood charcoal"	"n/a"	-5842	-6229	5.16	43.38	"Courtin et al. 1985"	"Courtin85"
"Font-des-Pigeons"	"France"	"EN"	"FI"	"KN-1399"	6050	80	"wood charcoal"	"n/a"	-4607	-5314	5.16	43.38	"Courtin et al. 1985"	"Courtin85"
"Font-des-Pigeons"	"France"	"MN"	"C6"	"Ly-2825"	5590	120	"wood charcoal"	"Wood charcoal (unidentified)"	-3970	-4926	5.16	43.38	"Courtin et al. 1985"	"Courtin85"
"Font-des-Pigeons"	"France"	"EN"	"C12"	"Ly-2826"	5900	140	"wood charcoal"	"Wood charcoal (unidentified)"	-4269	-5342	5.16	43.38	"Courtin et al. 1985"	"Courtin85"
"Font-des-Pigeons"	"France"	"EN"	"FI"	"Kn-1208"	6140	50	"wood charcoal"	"Wood charcoal (unidentified)"	-4809	-5311	5.16	43.38	"Courtin et al. 1985"	"Courtin85"
"Font-des-Pigeons"	"France"	"EN"	"C11"	"MC-942"	6050	100	"wood charcoal"	"Wood charcoal (unidentified)"	-4536	-5367	5.16	43.38	"Courtin et al. 1985"	"Courtin85"
"Font-des-Pigeons"	"France"	"EN"	"C17"	"Ly-2829"	6200	100	"wood charcoal"	"Wood charcoal (unidentified)"	-4716	-5485	5.16	43.38	"Courtin et al. 1985"	"Courtin85"
"Font-des-Pigeons"	"France"	"LM"	"C19"	"Ly-2831"	6720	140	"wood charcoal"	"Wood charcoal (unidentified)"	-5215	-6063	5.16	43.38	"Courtin et al. 1985"	"Courtin85"
"Font-des-Pigeons"	"France"	"EN"	"C13"	"Ly-2827"	6200	160	"wood charcoal"	"Wood charcoal (unidentified)"	-4492	-5637	5.16	43.38	"Courtin et al. 1985"	"Courtin85"
"Font-des-Pigeons"	"France"	"MN"	"C2"	"Ly-2824"	5460	130	"wood charcoal"	"Wood charcoal (unidentified)"	-3787	-4787	5.16	43.38	"Courtin et al. 1985"	"Courtin85"
"Font-des-Pigeons"	"France"	"LM"	"C20"	"Ly-2833"	7630	150	"wood charcoal"	"Wood charcoal (unidentified)"	-5999	-7121	5.16	43.38	"Courtin et al. 1985"	"Courtin85"
"Font-des-Pigeons"	"France"	"EN"	"F5"	"Ly-623"	6070	490	"n/a"	"n/a"	-3365	-6423	5.16	43.38	"Courtin et al. 1985"	"Courtin85"
"Font-des-Pigeons"	"France"	"LM"	"C18G"	"Ly-2830"	7260	100	"wood charcoal"	"Wood charcoal (unidentified)"	-5751	-6458	5.16	43.38	"Courtin et al. 1985"	"Courtin85"
"Font-des-Pigeons"	"France"	"LM"	"cail. 7A"	"MC-532"	7360	100	"wood charcoal"	"Wood charcoal (unidentified)"	-5892	-6566	5.16	43.38	"Courtin et al. 1985"	"Courtin85"
"Font-des-Pigeons"	"France"	"LM"	"C18"	"MC-2516"	7220	100	"wood charcoal"	"Wood charcoal (unidentified)"	-5730	-6439	5.16	43.38	"Courtin et al. 1985"	"Courtin85"
"Font-des-Pigeons"	"France"	"EN"	"C5"	"MC-531A"	6780	100	"wood charcoal"	"Wood charcoal (unidentified)"	-5373	-6015	5.16	43.38	"Courtin et al. 1985"	"Courtin85"
"Font-des-Pigeons"	"France"	"EN"	"FI"	"Ly-622"	5910	290	"n/a"	"n/a"	-3776	-5717	5.16	43.38	"Courtin et al. 1985"	"Courtin85"
"Font-des-Pigeons"	"France"	"EN"	"cail. S"	"MC-531L"	6760	100	"wood charcoal"	"Wood charcoal (unidentified)"	-5365	-6007	5.16	43.38	"Courtin et al. 1985"	"Courtin85"
"Font-des-Pigeons"	"France"	"LM"	"C19"	"Ly-2832"	7290	130	"wood charcoal"	"Wood charcoal (unidentified)"	-5722	-6592	5.16	43.38	"Courtin et al. 1985"	"Courtin85"
"Font-des-Pigeons"	"France"	"EN"	"C9"	"MC-941"	6070	100	"wood charcoal"	"Wood charcoal (unidentified)"	-4545	-5458	5.16	43.38	"Courtin et al. 1985"	"Courtin85"
"Font-des-Pigeons"	"France"	"EN"	"C16A"	"Ly-2828"	6550	100	"wood charcoal"	"Wood charcoal (unidentified)"	-5084	-5777	5.16	43.38	"Courtin et al. 1985"	"Courtin85"
"Font-des-Pigeons"	"France"	"LM"	"cail. 8B"	"MC-533"	7525	100	"wood charcoal"	"Wood charcoal (unidentified)"	-6022	-6690	5.16	43.38	"Courtin et al. 1985"	"Courtin85"
"Frigouras"	"France"	"EN"	"S27"	"Gif-8479"	5450	100	"wood charcoal"	"Wood charcoal (unidentified)"	-3945	-4688	5.96	44.13	"Davison et al. 2007"	"Davison07"
"Grotte d'Unang"	"France"	"EN"	"C9"	"Gif-1796"	5950	130	"wood charcoal"	"Wood charcoal (unidentified)"	-4346	-5365	5.17	44.01	"Delibrias et al. 1974"	"Delibrias74"
"Montbolo"	"France"	"EN"	"Upper gallery"	"Gif-1709"	6450	170	"wood charcoal"	"Wood charcoal (unidentified)"	-4723	-5971	2.65	42.48	"Delibrias et al. 1974"	"Delibrias74"
"Fontbregoua"	"France"	"EN"	"C40"	"Gif-2756"	5690	130	"wood charcoal"	"Wood charcoal (unidentified)"	-4041	-5053	6.215	43.58	"Delibrias et al. 1982"	"Delibrias82"
"Fontbregoua"	"France"	"EN"	"C43"	"Gif-2988"	5700	150	"wood charcoal"	"Wood charcoal (unidentified)"	-3979	-5211	6.215	43.58	"Delibrias et al. 1982"	"Delibrias82"
"Fontbregoua"	"France"	"EN"	"C42"	"Gif-2757"	5690	190	"wood charcoal"	"Wood charcoal (unidentified)"	-3805	-5309	6.215	43.58	"Delibrias et al. 1982"	"Delibrias82"
"Grotte de l'Abbe Pialat"	"France"	"EN"	"C5B"	"MC-1290"	6070	100	"wood charcoal"	"Wood charcoal (unidentified)"	-4545	-5458	3.73	43.9	"Delibrias et al. 1982"	"Delibrias82a"
"La Poujade"	"France"	"LMEN"	"C8A2"	"MC-2371"	6850	130	"wood charcoal"	"Wood charcoal (unidentified)"	-5365	-6212	3.18	44.12	"Delibrias et al. 1982"	"Delibrias82a"
"La Poujade"	"France"	"LMEN"	"C7C2"	"MC-2187"	6620	120	"wood charcoal"	"Wood charcoal (unidentified)"	-5208	-5977	3.18	44.12	"Delibrias et al. 1982"	"Delibrias82a"
"Grotte de l'Abbe Pialat"	"France"	"LM"	"C7"	"MC-1291"	7820	100	"wood charcoal"	"Wood charcoal (unidentified)"	-6377	-7141	3.73	43.9	"Delibrias et al. 1982"	"Delibrias82a"
"La Poujade"	"France"	"LMEN"	"C8A"	"MC-2251"	6500	130	"wood charcoal"	"Wood charcoal (unidentified)"	-4943	-5841	3.18	44.12	"Delibrias et al. 1982"	"Delibrias82a"
"La Poujade"	"France"	"LMEN"	"C7C4"	"MC-2188"	6710	130	"wood charcoal"	"Wood charcoal (unidentified)"	-5219	-6028	3.18	44.12	"Delibrias et al. 1982"	"Delibrias82a"
"La Poujade"	"France"	"LMEN"	"C7A"	"MC-1367"	6990	120	"wood charcoal"	"Wood charcoal (unidentified)"	-5511	-6249	3.18	44.12	"Delibrias et al. 1982"	"Delibrias82a"
"Gazel"	"France"	"EN"	"GIII-SCS-L2"	"Ly-2241"	6150	45	"wood charcoal"	"Wood charcoal (unidentified)"	-4844	-5308	2.4	43.29	"Elbiali 1989"	"Elbiali89"
"Pas de Lechelle"	"France"	"LMEN"	"D3-D4"	"Ly-7094"	6940	65	"fauna"	"Bone (unidentified)"	-5625	-6048	5.49	45.19	"Evin et Bintz 2002"	"Evin02"
"Gazel"	"France"	"EN"	"C4"	"GrN-6702"	6905	90	"wood charcoal"	"Wood charcoal (unidentified)"	-5518	-6071	2.4	43.29	"Evin et al. 1973"	"Evin73"
"Gazel"	"France"	"EN"	"SCS-C2f"	"GrN-6707"	6350	55	"wood charcoal"	"Wood charcoal (unidentified)"	-5052	-5507	2.4	43.29	"Guilaine 1974"	"Guilaine74"
"Gazel"	"France"	"EN"	"SCS-C2c"	"GrN-6705"	6090	65	"wood charcoal"	"Wood charcoal (unidentified)"	-4717	-5311	2.4	43.29	"Guilaine 1974"	"Guilaine74"
"Gazel"	"France"	"EN"	"SCS-C2d"	"GrN-6706"	6145	65	"wood charcoal"	"Wood charcoal (unidentified)"	-4785	-5358	2.4	43.29	"Guilaine 1974"	"Guilaine74"
"Font-Juvenal"	"France"	"MN"	"C11"	"MC-498"	5540	100	"wood charcoal"	"Wood charcoal (unidentified)"	-3974	-4783	2.34	43.3	"Guilaine et al. 1974"	"Guilaine74a"
"Font-Juvenal"	"France"	"EN"	"C12"	"MC-499"	5850	100	"wood charcoal"	"Wood charcoal (unidentified)"	-4344	-5210	2.34	43.3	"Guilaine et al. 1974"	"Guilaine74a"
"Font-Juvenal"	"France"	"MN"	"C10"	"MC-497"	5350	100	"wood charcoal"	"Wood charcoal (unidentified)"	-3780	-4536	2.34	43.3	"Guilaine et al. 1974"	"Guilaine74a"
"Font-Juvenal"	"France"	"MN"	"C10"	"Ly-4773"	5670	110	"wood charcoal"	"Wood charcoal (unidentified)"	-4051	-4958	2.34	43.3	"Guilaine et al. 1974"	"Guilaine74a"
"Gazel"	"France"	"EN"	"GII-SCN-F1"	"KN-Sm"	6540	200	"n/a"	"n/a"	-4722	-6063	2.4	43.29	"Guilaine et al. 1974"	"Guilaine74a"
"Font-Juvenal"	"France"	"EN"	"C14"	"Ly-4770"	6235	85	"wood charcoal"	"Wood charcoal (unidentified)"	-4795	-5483	2.34	43.3	"Guilaine et al. 1974"	"Guilaine74a"
"Font-Juvenal"	"France"	"MN"	"C11"	"Ly-4771"	5645	160	"wood charcoal"	"Wood charcoal (unidentified)"	-3950	-5207	2.34	43.3	"Guilaine et al. 1974"	"Guilaine74a"
"Correge-Leucate"	"France"	"EN"	"Point 1"	"Gif-2747"	5410	140	"wood charcoal"	"Wood charcoal (unidentified)"	-3701	-4775	3.01	42.83	"Guilaine et al. 1984"	"Guilaine84"
"Correge-Leucate"	"France"	"EN"	"Point 1"	"Gif-2749"	5900	140	"wood charcoal"	"Wood charcoal (unidentified)"	-4269	-5342	3.01	42.83	"Guilaine et al. 1984"	"Guilaine84"
"Correge-Leucate"	"France"	"EN"	"Point 1"	"MC-788"	6800	90	"wood charcoal"	"Wood charcoal (unidentified)"	-5471	-6009	3.01	42.83	"Guilaine et al. 1984"	"Guilaine84"
"Dourgne"	"France"	"EN"	"C5"	"MC-1102"	6170	100	"wood charcoal"	"Wood charcoal (unidentified)"	-4702	-5479	2.08	42.78	"Guilaine et al. 1993"	"Guilaine93"
"Dourgne"	"France"	"MN"	"C6"	"MC-1103"	5100	80	"wood charcoal"	"Wood charcoal (unidentified)"	-3636	-4257	2.08	42.78	"Guilaine et al. 1993"	"Guilaine93"
"Dourgne"	"France"	"EN"	"C6"	"MC-1104"	6470	100	"wood charcoal"	"Wood charcoal (unidentified)"	-5021	-5721	2.08	42.78	"Guilaine et al. 1993"	"Guilaine93"
"Dourgne"	"France"	"MN"	"C5"	"MC-1100"	4860	75	"wood charcoal"	"Wood charcoal (unidentified)"	-3359	-3961	2.08	42.78	"Guilaine et al. 1993"	"Guilaine93"
"Dourgne"	"France"	"LM"	"C7"	"MC-1107"	6850	100	"wood charcoal"	"Wood charcoal (unidentified)"	-5475	-6063	2.08	42.78	"Guilaine et al. 1993"	"Guilaine93"
"Dourgne"	"France"	"MN"	"C6"	"MC-780"	4250	120	"wood charcoal"	"Wood charcoal (unidentified)"	-2289	-3495	2.08	42.78	"Guilaine et al. 1993"	"Guilaine93"
"Dourgne"	"France"	"EN"	"C6"	"MC-781"	5000	170	"wood charcoal"	"Wood charcoal (unidentified)"	-3029	-4440	2.08	42.78	"Guilaine et al. 1993"	"Guilaine93"
"Dourgne"	"France"	"MN"	"C6"	"MC-1105"	5550	80	"wood charcoal"	"Wood charcoal (unidentified)"	-4043	-4714	2.08	42.78	"Guilaine et al. 1993"	"Guilaine93"
"Colle Rousse"	"France"	"LM"	"n/a"	"Gif-8656"	7090	60	"wood charcoal"	"Wood charcoal (unidentified)"	-5729	-6217	6.52	43.47	"Hinz et al. 2012"	"Hinz12"
"Espaly Saint Marcel"	"France"	"EN"	"n/a"	"Ly-3710"	6240	110	"wood charcoal"	"Wood charcoal (unidentified)"	-4719	-5602	3.86606	45.0461	"Hinz et al. 2012"	"Hinz12"
"Saint Paul Trois Chateaux"	"France"	"LM"	"SN II"	"Ly-3958"	7000	140	"wood charcoal"	"Wood charcoal (unidentified)"	-5479	-6390	4.753	44.343	"Hinz et al. 2012"	"Hinz12"
"Combe Obscure"	"France"	"EN"	"Niv. 5"	"Ly-423"	6400	160	"wood charcoal"	"Wood charcoal (unidentified)"	-4717	-5837	4.42	44.45	"Saumade 1969"	"https://www.jstor.org/stable/27916776"
"Pont de Roque-Haute"	"France"	"EN"	"F1"	"Ly-245 (OxA)"	6745	70	"wood charcoal"	"Wood charcoal (unidentified)"	-5473	-5897	3.35	43.31	"Manen et Sabatier 2003"	"Manen03"
"Roc Troue"	"France"	"LMEN"	"C5"	"Gif-7688"	5850	80	"wood charcoal"	"Wood charcoal (unidentified)"	-4365	-5053	3.1962	43.9544	"Marchand 1999"	"Marchand99"
"La Grande Rivoire"	"France"	"EN"	"B1b"	"Ly-4447"	5820	140	"wood charcoal"	"Wood charcoal (unidentified)"	-4183	-5301	5.633	45.209	"Nicod et Picavet 1999"	"Nicod99"
"Aspres del Paradis"	"France"	"EN"	"Pit 5"	"GrA-16273"	6030	40	"fauna"	"Bone (unidentified)"	-4724	-5207	2.949	42.626	"Oms 2008"	"Oms08"
"Aspres del Paradis"	"France"	"EN"	"Pit 5"	"Ly-10069"	5915	50	"fauna"	"Bone (unidentified)"	-4545	-5025	2.949	42.626	"Oms 2008"	"Oms08"
"Le Creux des Elaphes"	"France"	"LM"	"Eboulis"	"Ly-8054"	7190	50	"fauna"	"Bone (unidentified)"	-5886	-6239	6.01	45.62	"Philippe et Guibot 2001"	"Philippe01"
"Le Creux des Elaphes"	"France"	"LM"	"Eboulis"	"KIA-7476"	7352	34	"fauna"	"Bone (unidentified)"	-6057	-6393	6.01	45.62	"Philippe et Guibot 2001"	"Philippe01"
"La Grande Rivoire"	"France"	"LMEN"	"B2a, 81 inf ./81 b"	"Ly-5185"	6095	80	"fauna"	"Bone (unidentified)"	-4689	-5357	5.633	45.209	"Picavet 1991"	"Picavet91"
"Camprafaud"	"France"	"EN"	"C16"	"Gif-1488"	5900	140	"wood charcoal"	"Wood charcoal (unidentified)"	-4269	-5342	2.89	43.49	"Rodriguez 1984"	"Rodriguez84"
"Camprafaud"	"France"	"EN"	"C17"	"Gif-1489"	5900	140	"wood charcoal"	"Wood charcoal (unidentified)"	-4269	-5342	2.89	43.49	"Rodriguez 1984"	"Rodriguez84"
"Camprafaud"	"France"	"EN"	"C18"	"Gif-1490"	5800	140	"wood charcoal"	"Wood charcoal (unidentified)"	-4082	-5294	2.89	43.49	"Rodriguez 1984"	"Rodriguez84"
"Camprafaud"	"France"	"EN"	"C19"	"Gif-1491"	6300	140	"wood charcoal"	"Wood charcoal (unidentified)"	-4701	-5666	2.89	43.49	"Rodriguez 1984"	"Rodriguez84"
"Camprafaud"	"France"	"EN"	"C20"	"Gif-3077"	7900	150	"wood charcoal"	"Wood charcoal (unidentified)"	-6243	-7499	2.89	43.49	"Rodriguez 1984"	"Rodriguez84"
"Camprafaud"	"France"	"EN"	"C19"	"Gif-3078"	6480	130	"wood charcoal"	"Wood charcoal (unidentified)"	-4933	-5834	2.89	43.49	"Rodriguez 1984"	"Rodriguez84"
"La Poujade"	"France"	"LMEN"	"C8b"	"MC-1239"	8010	145	"wood charcoal"	"Wood charcoal (unidentified)"	-6421	-7565	3.18	44.12	"Roussot-Laroque et Burnez 1992"	"Roussot92"
"Le Baratin"	"France"	"EN"	"St. 8, F2/2"	"Ly-4728 (OxA) "	6310	35	"wood charcoal"	"Quercus sp."	-5067	-5469	4.852488	44.092609	"Senepart 2014"	"Senepart14"
"Le Baratin"	"France"	"EN"	"St. 5"	"Ly-99 (OxA)"	6145	70	"wood charcoal"	"Quercus sp."	-4747	-5366	4.852488	44.092609	"Senepart 2014"	"Senepart14"
"Le Baratin"	"France"	"EN"	"St. 1"	"Ly-252 (OxA)"	6290	70	"wood charcoal"	"Quercus sp."	-4938	-5486	4.852488	44.092609	"Senepart 2014"	"Senepart14"
"Le Baratin"	"France"	"EN"	"St. 8, F1"	"Ly-4726 (OxA)"	6210	35	"wood charcoal"	"Quercus sp."	-4989	-5319	4.852488	44.092609	"Senepart 2014"	"Senepart14"
"Le Baratin"	"France"	"EN"	"St. 8, F2/1"	"Ly-4727 (OxA) "	6240	35	"wood charcoal"	"Quercus sp."	-5002	-5361	4.852488	44.092609	"Senepart 2014"	"Senepart14"
"Le Baratin"	"France"	"EN"	"St.8 F3 "	"Ly-4725"	6355	40	"wood charcoal"	"Quercus sp."	-5208	-5479	4.852488	44.092609	"Senepart 2014"	"Senepart14"
"Le Baratin"	"France"	"EN"	"St. 2"	"Ly-100 (OxA)"	6125	80	"wood charcoal"	"Quercus sp."	-4712	-5371	4.852488	44.092609	"Senepart 2014"	"Senepart14"
"Pontcharaud"	"France"	"EN"	"C1"	"Ly-7625"	7095	50	"fauna"	"Bone (unidentified)"	-5746	-6207	3.08333	45.7833	"Shennan et Steele 2000"	"Shennan00"
"Ravin De Mouresse Boline"	"France"	"LM"	"n/a"	"Gif-8930"	7760	80	"wood charcoal"	"Wood charcoal (unidentified)"	-6376	-7049	6.23	43.89	"Shennan et Steele 2000"	"Shennan00"
"Pendimoun"	"France"	"EN"	"Niv C-D"	"Gif-6471"	6390	100	"wood charcoal"	"Wood charcoal (unidentified)"	-4938	-5642	7.497243	43.806724	"Shennan et Steele 2000"	"Shennan00"
"Aulp du Seuil"	"France"	"LMEN"	"Shelter 1 Hearth G4 C1"	"Ly-8635 "	5490	45	"wood charcoal"	"Wood charcoal (unidentified)"	-4064	-4498	5.886	45.354	"Shennan et Steele 2000"	"Shennan00"
"La Grande Rivoire"	"France"	"EN"	"B1 foyer"	"Ly-4446"	5690	100	"wood charcoal"	"Wood charcoal (unidentified)"	-4176	-4943	5.633	45.209	"Shennan et Steele 2000"	"Shennan00"
"Aulp du Seuil"	"France"	"LMEN"	"C1 "	"Ly-7092"	6690	115	"fauna"	"Bone (unidentified)"	-5229	-5996	5.886	45.354	"Shennan et Steele 2000"	"Shennan00"
"Aulp du Seuil"	"France"	"LMEN"	"C2I C3"	"Ly-7096 "	5615	105	"fauna"	"Bone (unidentified)"	-4041	-4890	5.886	45.354	"Shennan et Steele 2000"	"Shennan00"
"Pendimoun"	"France"	"EN"	"Ens. III INF26C"	"Ly-5691"	6160	130	"wood charcoal"	"Quercus sp."	-4544	-5538	7.497243	43.806724	"Shennan et Steele 2000"	"Shennan00"
"Lombard"	"France"	"EN"	"C5A"	"Ly-3332"	6110	120	"wood charcoal"	"Wood charcoal (unidentified)"	-4535	-5479	6.824	43.685	"Shennan et Steele 2000"	"Shennan00"
"Pendimoun"	"France"	"EN"	"C26B"	"Ly-5339"	6310	90	"wood charcoal"	"Quercus sp."	-4847	-5608	7.497243	43.806724	"Shennan et Steele 2000"	"Shennan00"
"Pendimoun"	"France"	"EN"	"Ens. III INF26C"	"Ly-5690"	6450	80	"wood charcoal"	"Quercus sp."	-5062	-5641	7.497243	43.806724	"Shennan et Steele 2000"	"Shennan00"
"l'Horte"	"France"	"EN"	"Structure. 11 Square 129"	"Ly-5702"	6450	120	"wood charcoal"	"Wood charcoal (unidentified)"	-4935	-5736	2.71	43.25	"Shennan et Steele 2000"	"Shennan00"
"Pendimoun"	"France"	"EN"	"Ens. III INF26B"	"Ly-5692"	6610	110	"wood charcoal"	"Quercus sp."	-5212	-5894	7.497243	43.806724	"Shennan et Steele 2000"	"Shennan00"
"Le Sanglier Grotte"	"France"	"LMEN"	"C4"	"Ly-33 (OxA-4551)"	6915	70	"fauna"	"Bone (unidentified)"	-5570	-6029	1.72	44.7	"Shennan et Steele 2000"	"Shennan00"
"Le Sanglier Grotte"	"France"	"EN"	"C3B"	"Ly-7791"	6095	100	"fauna"	"Bone (unidentified)"	-4583	-5466	1.72	44.7	"Shennan et Steele 2000"	"Shennan00"
"Vassieux en Vercors"	"France"	"EN"	"SONDAGE S29 HB XV A -67 CM"	"Ly-800"	5825	65	"wood charcoal"	"Wood charcoal (unidentified)"	-4400	-4986	5.37	44.89	"Shennan et Steele 2000"	"Shennan00"
"Lombard"	"France"	"EN"	"C3A"	"Ly-3331"	6190	120	"wood charcoal"	"Wood charcoal (unidentified)"	-4617	-5538	6.824	43.685	"Shennan et Steele 2000"	"Shennan00"
"Saint Marcel d'Ardeche, Bidon"	"France"	"EN"	"CK"	"MC-2376"	6330	90	"wood charcoal"	"Wood charcoal (unidentified)"	-4855	-5614	4.568	44.303	"Shennan et Steele 2000"	"Shennan00"
"Vassieux en Vercors"	"France"	"EN"	"SONDAGE S5 EB A -50 CM"	"Ly-799"	5990	60	"wood charcoal"	"Wood charcoal (unidentified)"	-4609	-5212	5.37	44.89	"Shennan et Steele 2000"	"Shennan00"
"La Grande Rivoire"	"France"	"EN"	"B1b"	"Ly-176"	6000	70	"fauna"	"Bone (unidentified)"	-4555	-5223	5.633	45.209	"Skeates 2015"	"Skeates15"
"Camp del Ginebre"	"France"	"MN"	"n/a"	"Ly-267"	5100	60	"fauna"	"Bone (unidentified)"	-3651	-4228	2.34	42.44	"Vignaud 1998"	"Vignaud98"
"Camp del Ginebre"	"France"	"MN"	"n/a"	"Ly-226"	5355	45	"wood charcoal"	"Wood charcoal (unidentified)"	-3977	-4353	2.34	42.44	"Vignaud 1998"	"Vignaud98"
"Boul.Periph. Nord de Lyon"	"France"	"EN"	NA	"OxA-19858"	6062	33	"n/a"	"n/a"	-4792	-5209	4.8	45.78	NA	NA
